Time ms,Process:PID,RSS KB
127,ip:8072,4
128,ip:8072,1144
128,ip:8072,608
129,ip:8072,1144
130,ip:8072,1144
131,ip:8072,1144
131,ip:8072,1144
132,ip:8072,1144
133,ip:8072,1144
133,ip:8072,1144
135,ip:8072,1144
135,ip:8072,1144
136,ip:8072,1144
137,ip:8072,1144
138,ip:8072,1144
139,ip:8072,1144
140,ip:8072,1144
140,ip:8072,1144
141,ip:8072,1144
142,ip:8072,1144
143,ip:8072,1144
144,ip:8072,1068
144,ip:8072,436
145,ip:8072,0
146,ip:8072,0
146,ip:8072,0
147,ip:8072,0
148,ip:8072,0
149,ip:8072,0
149,ip:8072,0
150,ip:8072,0
152,ip:8072,0
152,ip:8072,0
153,ip:8072,0
154,ip:8072,0
155,ip:8072,0
156,ip:8072,0
156,ip:8072,0
157,ip:8072,0
157,ip:8072,0
158,ip:8072,0
